Cotidianas/fáciles,,,,,,0
Seitan,https://www.connoisseurusveg.com/how-to-make-seitan ,"Hervir bajo 45 min y dejar reposar 15 más después. O al vapor 25 minutos. La última vez hice con 4 tazas de gluten, en la olla gigante. 2024: le puse dos cucharaditas de ajo en polvo, dos de paprika, una de merkén, dos cucharadas de salsa de soja y un chorro de humo líquido al agua antes de mezcla (quedó suave, podría ser más), y lo hice con la misma cantidad de agua que de gluten, no un poco menos. En la olla gigante al 75% de agua, con la hornalla de atrás al mínimo NO se mantiene el simmer unattended, conviene pasarlo a una más chica. Amasé bastante enérgicamente pero lo sentí flojo así que le di 6 min aprox. Al vapor 30 min quedó un poco chicle, quizás estaba bien amasar 5 min y/o cocinarlo 25 min.",,,,1
Fideos chinos 2023 ,"Cocinar champiñones en aceite de maíz y separar. En aceite de maíz fuego fuerte cocinar PALITOS de cebolla, cebolla de verdeo tb con partes verdes, morrón, zanahoria. Apartar, dorar ajo, agregar agua y hervir los hongos de pino previamente remojados, ponerle al agua una cucharadita y media de 5 especias chinas, 3 cucharadas de salsa de soja, una cucharada de caldo de verduras, una rodajita de jengibre picado. Con un hervor SUAVE hacer 3 min los cabellos de ángel (ayudar a separar los ""nidos"" con tenedor, normalmente pongo 6) y en el último minuto agregar todo lo demás. Probar con morrones de otros colores, y semillas. También: arvejas, apio, aceite de sésamo, glutamato. ",,,,,1
Milanesas de garbanzos que hizo Katia ,https://www.instagram.com/reel/Cwi_2YPsaOp/?igshid=MTc4MmM1YmI2Ng==,"Garbanzos pesar antes de remojar. La cantidad de agua que le pone es un delirio, probar 30ml (25ml creo que fue poco-- terminé de mezclar con tenedor para no fundir la máquina). MUCHOS CONDIMENTOS. Probamos con Harissa (en dirección a Falafel); probar con Menta; esa versión queda bien con limón arriba. 12/2/24: 3 cdtas harissa, 3 ajo en polvo, humo líquido, 20 hojas de menta, la mitad del agua fue jugo de limón. Probé con Sichimi. Probar con menos harina (tomando la receta como garbanzos sin remojo). 25/2: probé piri-piri. Tomando garbanzos por peso seco y taza de café = 100 ml. Salieron poco firmes, blandas, veremos si más ricas. Probé 10% menos de agua y 20% más de harina por ponerle media cebolla (150g de harina y 75ml para 200g de garbanzos) ",,,Para 200g garbanzos: 130g harina leudante; 1.66 cd aceite; 75 ml agua.,1
Cómo cocinar arroz para que quede suelto. ,,"Lavarlo hasta que salga el agua limpia (sacarle el almidón), hervirlo en 2 tazas de agua por cada una de arroz (esta cantidad es para cocinarlo con la olla tapada, la mía tiene agujeros... Puede ser en el wok con la tapa de vidrio) y un poco de aceite, en temperatura BAJA. No revolver mucho para que no suelte el almidón. Con menos almidón, se puede cocinar 15 minutos en vez de 20.",,,,2
Hummus Upd. 2025,http://www.lostragaldabas.net/hummus-receta-original/,"Garbanzos (o porotos negros) y Tahini (sésamo molido y dorado, aceite de oliva, ajo, perejil), jugo de limón, comino, agua. 2025: Tahini comprado, harissa en vez de comino solo, y voy a probar con humo líquido. Nejo lo hace con zanahoria. Va bien con garbanzos freezados.",,,,100
Pasta caprese,https://cookieandkate.com/2018/caprese-pasta-salad/,"Cocinar tomates cherry, aceite de oliva; aceto, muzarella, albahaca",,,,100
Batatas al horno plus(?),https://minimalistbaker.com/mediterranean-baked-sweet-potatoes/,"Batatas por la mitad con garbanzos dorados, salsa de ajo y tahini, tomate y perejil",,,,100
Pasta con palta y albahaca,https://damndelicious.net/2014/06/20/avocado-pasta/,"Minipimer palta, ajo, albahaca, jugo de limón, aceite de oliva y listo",,,,100
Milanesas de berenjena,,Pensar cómo hacer que queden menos blandas; más finas? Probar papel de aluminio para cocinarlas ,,,,100
Canelones de espinaca y champiñones,https://cookpad.com/es/recetas/114307-canelones-rellenos-de-espinacas-y-champinones,Con quesos y ajo,,,,100
,https://www.bekiacocina.com/recetas/crepes-sin-huevo/,y crepes sin huevo,,,,100
Chili de tres porotos,https://www.realsimple.com/food-recipes/browse-all-recipes/three-bean-chili-spring-pesto,"Cebolla, zanahoria; tomates en lata; porotos ""riñón"", garbanzos, porotos colorados; servir con pesto",,,,100
Sopa china,https://www.realsimple.com/food-recipes/browse-all-recipes/asian-hot-pot,"Hongos, caldo vegetal, salsa de soja, jengibre, cebolla de verdeo, chauchas, zanahorias; servir tipo sopa con fideos de arroz",,,,100
Salsa de alcaparras para pastas,https://www.lacocinadealimerka.com/web/index.php/recetas/como-preparar-salsa-de-alcaparras,,,,,100
"Ensalada de palta, lechuga, porotos y choclo",https://www.realsimple.com/food-recipes/browse-all-recipes/cool-southwestern-salad,,,,,100
"Pesto con albahaca, almendras, ajo, aceite de oliva y queso de cabra o parmesano. Se puede freezar en bolitas separadas.",,,,,,100
,,^ Probar de trenzarlo y sellarlo antes de hervir. https://www.instagram.com/p/CL7cq_LDGY2/?igshid=2uq48l3o4y8c,,,,100
Chipá ,https://web.archive.org/web/20171009123426/https://colectivosolidario.org/2015/09/29/chipa-fecula-de-mandioca/,"Agregar sal, la proporción de queso total fue 1:1 con la fécula, cocinar media hora al máximo aprox. Quedan mejor en anillo. Si hago dos bandejas, dar vuelta los de la de abajo a los 20, tostados quedan feos. ",,,,100
Arroz con azafrán y espárragos,https://veggiechick.com/saffron-rice-with-asparagus/,,,,,100
"Espárragos, champiñones y arvejas ","Salteado con fuego fuerte, abundante aceite de oliva, sal, pimienta y muzarella derretida ",,,,,100
Quesadilla de batata y porotos negros,https://www.tasteofhome.com/recipes/sweet-potato-bean-quesadillas/,,,,,100
Seitan chorizo ,https://www.sprint2thetable.com/sausage-making-seitan-chorizo/,Yo le mandé cardamomo y glutamato. Probar pimienta de jamaica + pimentón ahumado!!,,,,100
Ensalada de fruta ,,,,,,100
Zapallo con muzarella y estragón ,,,,,,100
"Ensalada de cherrys, albahaca, palta, muzarella y croutons de prepizza (con ajo y oliva)",,,,,,100
"Mujaddara (lentejas, cebolla caramelizada, pimentón, comino, limón por el hierro) ",https://tinacocina.com/mujaddara-mejandra-mudardara-myadra-arroz-lentejas-cebolla/,"Cebolla caramelizada: al mínimo media hora, con una cucharadita de bicarbonato. Sirve para muchas otras cosas.",,,,100
"Tofu finito en la sartén, con aceite de oliva, salsa de soja, ajo en polvo y levadura nutricional ",,,,,,100
"Porotos negros con ajo, oliva, ají, etc... ",,Quedan re bien con pategrás derretido. Acompañar con jugo de limón o naranja.,,,,100
Falafel,,,,,,100
Tapioca con relleno dulce o salado,Crepes de fécula de mandioca,,,,,100
Feijoada,https://fussfreeflavours.com/brazilian-roasted-vegetable-feijoada/#wprm-recipe-container-41463,,,,,100
"Croutons: sacarle la corteza al pan, en daditos iguales, con ajo en polvo. ",,,,,,100
Ensalada de palmitos con palta y mango. Con un poquito de salsa de soja? ,https://peopleenespanol.com/recetas/11218-ensalada-de-palmitos-aguacate-y-mango/,,,,,100
"Ensalada griega: tomate, pepino, morrón rojo, queso (blando, tipo de cabra o ricota), alcaparras, aceitunas; pimienta negra, orégano, aceite de oliva",,,,,,100
Pan lactal con miel ,https://www.pequerecetas.com/receta/pan-de-molde-paso-a-paso/,"Usé 600gr de harina (bien asentada en el vaso de medir, si no probablemente 50gr+). 30-35 minutos en el horno choto precalentado (temp media), en el estante del medio tirando hacia atrás",,,,100
Ensalada de rucula y pera,"Probar con limón, aceite, merkén (ají)",,,,,100
Palmitos gratinados ,https://www.cocinavegetariana.net/palmitos-gratinados/,,,,,100
Sopa con fideos chinos baba,"Ajo, zanahoria muy rallada, mucha cebolla de verdeo, hongos de pino. Rehogar todo en aceite de oliva y agua. Dos calditos de verdura, ají, pimienta blanca, jengibre, glutamato, un par de cucharadas de salsa de soja; después agregar agua y sal gruesa y cocinar los fideos finos ahí. Lo hice con seitán dorado aparte en la sartén. Moderar sal gruesa o no usar. Opcional anis estrellado. Si es un fideo de arroz fino, probar remojar 10 min en agua fría y usar así, sin cocinar; o al menos no cocinar junto con la sopa. 2024: 5 especias chinas, aceite de sésamo, parte de verde de cebolla de verdeo sin cocción. ",,,,,100
Hamburguesas de porotos negros con avena,"Una alternativa que tengo que probar es usar avena instantánea y no hervirla. En ese caso, no hace falta agregar pan rallado, si no agregarle a la pasta molida en la procesadora, hasta que dé la consistencia.
La mezcla tiene que llevar bastante sal y condimentos. Cosas que tener en cuenta para agregar: 
glutamato (aji-no-moto), cebolla picada finito (y/o de verdeo), zanahoria, calabaza, batata, salsa de soja, semillas de chía; pimentón ahumado, ají, pimienta molida, ...",,,,,100
Pesto trapanese,https://www.italianfoodforever.com/2014/04/pasta-alla-trapanese/,"Pesto de almendras tostadas, tomate (fresco y seco), ajo y albahaca; aceite de oliva, parmesano",,,,100
Seitán con ciruelas,https://www.hazteveg.com/receta/3091/seitan-en-salsa-de-ciruelas,,,,,100
Porotos negros con champiñones ,https://frijoleros.info/negros/negros-champinones/,"Usé una lata de porotos negros y otra de colorados. Con vino blanco en vez de tinto. El comino es importante, queda riquísimo como las lentejas libanesas con cebolla caramelizada ",,,,100
Risotto? ,,,,,,100
"Ensalada de palmitos, palta, manzana y tomate; con aliño de aceite de oliva, mostaza, jugo de limón y sal. ",https://www.chilerecetas.cl/joomla/index.php/cocina-facil/ensaladas/665-ensalada-de-palmitos-y-palta,,,,,100
Pan de pesto,http://lareposteriayyo.blogspot.com/2014/05/trenza-de-pan-al-pesto.html,Se puede hacer con la amasadora,,,,100
"Tzatziki, yogur con menta y pepino ",https://cookpad.com/ar/recetas/275849-tzatziki-salsa-de-pepino-y-yogur-griego,https://www.directoalpaladar.com/recetas-de-aperitivos/tzatziki-griego-receta-de-aperitivo,,,,100
Hummus de garbanzos con morrón asado y aceitunas negras ,,,,,,100
"Ensalada de mango, palta, pepino y rúcula. Con aceite de oliva y aceto",,,,,,100
Alioli vegano,https://greenbrisa.com/alioli-vegano-listo-en-menos-de-5-minutos/,Probar con aceite de oliva y leche de almendras,,,,100
Babaganush (hummus de berenjena) ,https://danzadefogones.com/baba-ganush/,,,,,100
>> Tahini,https://www.paulinacocina.net/como-hacer-tahini-pasta-de-sesamo/2956,,,,,100
Mole? Salsa de chocolate para cosas saladas,,,,,,100
Pad Thai ,https://www.google.com/amp/s/www.receta-vegetariana.com/recetas/plato-principal/pad-thai-vegano,"La hice sin brotes de soja. Quedó suave, respetar la cucharada de ají. ",,,,100
Taboule ,Mucho perejil y tomate. Puede ser con quinoa. ,,,,,100
Rollos de canela,https://recetasargentinas.net/rollos-de-canela/,"Pueden llevar nueces, almendras, etc. ",,,,100
"Crema de rúcula, perejil y frutos secos",https://cookpad.com/ar/recetas/777627-crema-natural-de-rucula-perejil-y-frutos-secos-enriquecida-con-agua-de-mar,,,,,100
Pisto con tofu,http://greenics.es/pisto-con-tofu/,"Cebolla, morrones, tomates, calabacín",,,,100
Pancitos asiáticos al vapor,https://cookpad.com/ar/recetas/949639-panecillos-asiaticos-vegan,,,,,100
"Paté de zanahoria, albahaca y nueces",https://vegetarianismo.net/recetas/pate-zanahorias.html,,,,,100
Tofu con alcaparras,https://cookpad.com/ar/recetas/756508-tofu-sabroso,,,,,100
"Tofu con hongos, crema, vino blanco, nuez moscada, curry",https://unareceta.com/tofu-con-setas/,,,,,100
Tofu con salsa de maní,https://lepetiteats.com/tofu-with-thai-peanut-sauce/,La mayoría de los ingredientes se pueden reemplazar por otros más comunes; o usar la salsa para otra cosa,,,,100
Tarta de berenjenas,https://www.milrecetasvegetarianas.com/tarta-de-berenjenas/?amp,,,,,100
Risotto de calabaza ,https://www.tastydetails.com/risotto-de-calabaza-y-parmesano/,Respetar el ir agregando agua de a poco si no es un caos de salpicar ,,,,100
Buscar masa de pizza a la piedra con amasadora ,,,,,,100
Sandwich de verduras con paté de aceitunas ,https://www.directoalpaladar.com/recetas-vegetarianas/sandwich-verduras-a-parrilla-pate-aceitunas-receta-que-se-convertira-tu-cena-preferida-al-primer-bocado,,,,,100
Papas al horno con curry ,https://ekilu.onelink.me/9j3K/89255085,"Cortar 1/2 cm de ancho. Mezclar en bolsa de cocina, incluyendo el aceite. Horno al máximo, abajo, 40 minutos, cambiar la bandeja de lado a la mitad. ",,,,100
"Sopa espesa de fideos, espinaca y albahaca ",https://nooddle.onelink.me/dUJB/28dd9c6d,,,,,100
Tallarines con salsa de alcaparras y champiñones ,https://cookpad.com/ar/recetas/6288900-tallarines-con-salsa-de-champinones-y-alcaparras-que-tul,,,,,100
Berenjenas a la pizza ,https://www.elespanol.com/cocinillas/recetas/verduras/20190909/berenjenas-queso-horno-estilo-receta-rapida-facil/1001688881096_30.html,"Lo de sacarles el liquido con sal y luego papel cocina, funciona, probar 15-20 min en la tabla blanca. Hornear 10 y 10 min vuelta y vuelta, en la parte de más abajo. Le agregué ajo, merkén y pimienta a la salsa. Quesos: fetas en pedacitos y rallado. ",,,,100
Muhammara - Salsa de morrones ahumados y nueces,https://cookpad.com/ar/recetas/9255902-muhammara-salsa-de-morrones-ahumados,,,,,100
"Tofu con ciruelas, mostaza y miel ",http://biencasero.clarin.com/recetas/3284-carreacute-de-cerdo-con-ciruelas-mostaza-y-miel/,Imitar ,,,,100
Milanesas de tofu ,,,,,,100
Tofu crispy,https://www.instagram.com/p/CTDN5ZZDDFd/?hl=en,"Sacudir los cubitos en un bowl con maicena, levadura nutricional, pimentón y sal (ajo en polvo opcional). Dorar con un poquito de aceite",,,,100
Berenjenas con miel y salsa de soja ,https://ekilu.onelink.me/9j3K/fb70b994,,,,,100
Paté de champiñones y castañas de cajú,"Cocinar champiñones con vino blanco, se les puede agregar tomillo, pimienta, aceite de oliva, semillas de sésamo. También se puede hacer más líquida y con cebolla, para hacer la versión salsa. ",,,,,100
Papines andinos con condimentos ,https://cocinandomassano.wordpress.com/2017/03/19/papines-salteados-con-paprika-y-perejil/,,,,,100
Mila napo de berenjenas enteras ,https://www.instagram.com/reel/CUV_8o5FchF/?utm_medium=copy_link,"Dos medianas por persona. Cocinar las berenjenas al horno de los dos lados. Usar mucho condimento, abrirlas y aplastarlas como pechugas. Quedan mejor dobles. ",,,,100
Nuggets de tofu ,https://www.gastrolabweb.com/recetas/2022/2/21/receta-de-nuggets-de-tofu-un-platillo-que-te-va-encantar-hacerlo-en-casa-20540.html,,,,,100
Salsa de mostaza y miel ,"3 cucharadas de mostaza, 2 de miel, 1 rodajita de lima o limón exprimida, aceite de oliva, sal, pimienta ",,,,,100
Sopa de Nejo y Faro,"Cocinar una cebolla, una papa y un zucchini sin pelar por persona. Agregar agua caliente (1 cm superando la verdura), ajo en polvo, etc., y licuar ",,,,,100
Milanesitas de Seitán ,,,,,,100
Probar tofu frito (barrio chino) ,,,,,,100
Para no tirarse pedos con los porotos,,https://www.paulinacocina.net/gases-y-legumbres/21056,,,,100
"Remojar los porotos por mucho tiempo (24hs), Agregar bicarbonato de sodio al agua de remojo, Alga kombu al agua de cocción?, Obviamente descartar el agua de remojo",,,,,,100
Salsa de morrones al horno ,https://www.instagram.com/reel/ChiB0ZgjMIj/?igshid=NDRkN2NkYzU=,,,,,100
Bagels estilo San ,https://youtu.be/Yqcf6tvsiUo,"Ojo: harina 000, no dejar descansar de más, respetar la proporción de bicarbonato con agua hervida, precalentar bien el horno",,,,100
"Pastel de papa y calabaza, con relleno de champiñones, morrón, un poco de queso, etc., y humo líquido! ",,,,,,100
"Pesto con nueces, morrón a la hornalla, tomates secos, ají y pimienta ",,,,,,100
Choclos con manteca al horno ,https://lesrecetines.es/choclo-mazorca-maiz-ajo/,,,,,100
Curry de porotos negros y maní ,"Basado en https://www.lauradicola.com.ar/guiso-de-batatas-con-mani/ pero sin batatas, ni kale, ni mantequilla de maní, con base de cebolla/puerro/morrón/zanahoria, poquito caldo de verdura, vino blanco, un poquito de salsa de soja. Porotos: 250g, leche de coco: 2 tazas, maní 200g",,,,,100
Tofu para freidora ,https://jessicainthekitchen.com/how-to-make-crispy-air-fryer-tofu/,"Le puse aceite de oliva, maicena, ajo en polvo y 5 especias chinas. Lo puse en la freidora después de precalentar, revolví en la mitad de la cocción y lo dejé el tiempo que volvió a precalentar + 8 min en total, a 200 grados. ",,,,100
Zapallo a la pizza ,By Katia. ,"Rodajas de zapallo al horno, a 210 grados media hora + gratinado. Cocinar antes de ponerle todo. Aceite de oliva abajo y sobre el zapallo. Salsa de tomate, albahaca fresca picada, tomillo, queso rallado. ",,,,100
"Fattoush, ensalada libanesa",https://elpetitchef.com/recetas/fattoush-ensalada-libanesa,Tiene sumac ,,,,100
"Usar relleno de champis, hongos de pino y maní; como en FusionWok",,,,,,100
Brócoli rebosado,https://www.bonviveur.es/recetas/brocoli-rebozado,"Le pusimos condimentos normales. Habría que probarlo con 5 especias chinas y mojándolos más con aceite de oliva y de sésamo. Con spray quedaron medio sequitos, aunque igual ricos. ",,,,100
Brenda: bocaditos de brócoli,https://www.instagram.com/p/C1AqOaSNbcW/?hl=en,,,,,100
Brenda: pastel de brócoli,https://www.instagram.com/p/Cz48Q7qMOL8/?hl=en,,,,,100
Pizza a la piedra,https://www.youtube.com/watch?v=GPr4MscU5To,"14/2/25: Hicimos 2/3 de las cantidades de la receta y comimos bien 2. Usamos levadura seca (probar la otra) y harina DE FUERZA Chacabuco 000. 
Cuidado al estirar la masa con los puños, poner los puños en los bordes y no en el centro, y hacerlo suave, para que no quede tan finito en el centro, y no exagerar. Son chicas, individuales. Probar de no estirarlas tanto y dejarle borde.
Precalentamos el horno como 1 hora (nos colgamos, podrían ser 30 min) y entre ~1:00 y 1:40 SE QUEMARON. Probar 1:00 o menos. Otras pruebas pueden ser subir la piedra a otra bandeja y/o prender los quemadores superiores y ventilador.
OBVIAMENTE HAY QUE USAR LA PALA PARA SACARLA, ASÍ QUE NO VOLVER A CARGARLA CON LA OTRA PIZZA (que es una cagada porque no la podés armar).
28/6/25: Esta vez hubo que ponerlas 2:30 para que se hagan bien (invierno?). Las estiré hasta cierto punto pero se contraían, y al cocinarlas así, se inflaron bastante. El queso quedó mejor cortado en tiritas, tipo hebras, no rodajas grandes. No usar mucha cantidad de salsa ni de queso.
La próxima subir de estante la piedra.

25/7/25, con Brenda y Bruno: +50% de la receta para 4 personas. Pusimos la piedra en el primer nivel de rejilla. Precalentamos 25-30 min y la cocción llevò 7-8 minutos. Con ventilador se gratina rico el queso, se puede alternar para no quemarlo. Creo que la próxima prueba sería precalentar más tiempo la piedra, pero el resultado es aceptable. 
Al principio la masa estaba más húmeda, costó amasarla, pero después de elevar las bolitas quedaron perfectas. La salsa la hicimos con la cebolla, morrón y ajo directamente integrados, todo picado chiquito; y ""media"" caja de salsa, para que quede espesa y no ""moje"".",,,,100
Salsa Huancaina ,https://www.google.com/amp/s/www.recetasnestle.com.pe/recetas/salsa-huancaina-2%3famp,"Dos morrones amarillos grandes, cebolla chica, ajo, aceite de oliva, 3 fetas de pategrás, queso rallado, 200-250 gramos de casancrem, 5 galletitas sin sal.",,,,150
Tofu con arándanos ,https://www.calgiant.com/es/recipes/crispy-tofu-with-a-blueberry-teriyaki-glaze/,Esto anduvo bien con miel en vez del coco,,,,150
"Pilaf con arándanos, pistachos y tofu",https://www.tilda.com/es-es/recetas/pilaf-de-basmati-con-pavo-pistachos-arandanos-perejil-y-tomillo/,"El arroz que hacemos tipo risotto suelto se llama pilaf. Esto sólo es una referencia del hecho de que funciona, pero no seguimos la receta. Básicamente fue arroz con mucha más cantidad de la que dice ahí de arándanos y pistachos aplastados, más tofu. Le pusimos sal, pimienta, romillo fresco y bastante cardamomo, que quedó bien. Al final manteca.",,,,
Falsa César ,https://www.instagram.com/reel/DEx-rDhRL26/?igsh=MWkxaTFjdG53MjBsMA==,"Minipimer: aceite de oliva, vinagre, salsa de soja, limón, tahini o mantequilla de maní, ajo seco",,,,
Salsa Blanca ,https://www.paulinacocina.net/como-hacer-salsa-blanca/7257,"a partir de acá salió una salsa rosa riquísima (ref fideos italianos) con una caja de salsa de tomate, pimienta, nuez moscada, tomillo y bastante ajo. Le pasé la Minipimer para eliminar grumos y creo que lo espumoso sumó. Agregué champiñones salteados aparte.",,,,
Salsa Thai de Maní ,https://nutritionstudies.org/es/recipes/salsas/salsa-cremosa-tailandesa-de-mani/,"Con maní molido en la minipimer, ajo en polvo, picante coreano, leche común y vinagre de champagne. Quedó bien con papas.",,,,150
Seitán 2025 (vaporera),,"Ver comentario. Le puse todo menos el polvo de cebolla y el vinagre (LA PRÓXIMA PONERLE PARA CORTAR EL GARBANZO). Los ""bifes"" de menos 2cm de ancho se hicieron al vapor en 35 min total",,,,
Tofu Teriyaki,https://jessicainthekitchen.com/teriyaki-tofu-recipe/,"Miel en vez de azúcar. No dice las cantidades pero funciona bien a ojo. Lo mejor es la forma de cubrir el tofu, lo hice roto a mano y la cocción fue muy limpia, no se formaron pedazos de maicena de esos que se descaman del tofu. Probar hacerla más espesa y NO mezclar el arroz (si hago).",,,,
Fideos chinos agridulces,,"Fideos chinos improvisados. Para 2, le puse 3 cucharadas de chutney de ciruelas. La mezcla pastosa también lleva: medio tarrito de alcaparras aplastadas ycortadas, salsa de soja, vino blanco, cebolla (se empieza cocinando esta obviamente), cebolla de verdeo, vinagre de arroz, jengibre, ajo fresco, pimienta. Con tofu desmenuzado con maicena y salsa de soja, dorado aparte (puede ser antes en el mismo wok) ",,,,
Fideos con crema de alcaparras y limón ,,"Saltear en aceite de oliva unas alcaparras cortadas, agregar ajo fresco, después ralladura de limón (no zarparse), desglasar con jugo de limón y vino, agregar un poco de crema y agua de los fideos. ",,,,
,,,,,,
,,,,,,
,,,,,,
,,,,,,
,,,,,,150
Para comprar,,,,,,200
Pastas: ig @capri_pastas_gourmet,,,,,,200
ig @estrella_vegana (los de la feria),"Milanesas de seitán, falafel, medallones. Hay en 57 e/66 y 68 (hacen delivery), 69 2919 (casi 64), 38 y rotonda, 64 3245 (e/65 y 67)",,,,,200
,,,,,,200
,,,,,,200
Combinaciones de especias,,,,,,200
Baharat,"2p pimienta de jamaica, 1p comino, 1p alcaravea (reemplazar con anís), 2p jengibre molido, 1p canela, 1p pimienta negra",,,,,200
5 chinas,"3p anís estrellado, 2p canela, 1p clavo de olor, 1p pimienta negra, 1p coriandro tostado",,,,,200
Garam masala,"1cda pimienta negra, 1cda jengibre molido, 2 cucharaDITAS comino, 8 hojas de laurel seco y molido, 2 vainas de cardamomo tostado y molido, opc: 1 cdta. canela",,,,,200
Curry madras,"2cdas comino, 2cdas coriandro tostado y molido, 1cda cúrcuma, 2 vainas de cardamomo tostado y molido, 1cdta fenogreco tostado y molido",,,,,200
Harissa,,,,,,200
Sichimi Togarashi,,,,,,200
,,,,,,200
Especiales/raras,,,,,,200
,,,,,,200
Brócoli con quinoa y cheddar,https://cookieandkate.com/2016/better-broccoli-casserole-recipe/,,,,,200
Picada de quesos (comer afuera),,,,,,200
,,,,,,200
Otras/dulces,,,,,,200
,,,,,,200
Helado de banana frizada,,,,,,200
Budín de banana ,https://www.google.com/amp/s/www.paulinacocina.net/budin-de-banana-sin-huevo-facil/4988,"Con aceite de girasol. Con media cucharadita de jengibre en vez de canela. El horno lo precalenté a temperatura media, después lo cociné 45 minutos en el mínimo absoluto pero seguía blando, después de eso 30 minutos más a temperatura media. ",,,,200
Probar budín de banana con ciruelas,,,,,,200
Tiramisú ,https://cookpad.com/ar/recetas/4936006-tiramisu-facil-y-rapido-sin-huevo,"Mascarpone Tregar. Hicimos 350cc de crema y 200 de mascarpone. La crema se bate hasta que no se caiga del batidor. Usé 12 vainillas y un chorro de caña, en la fuente de vidrio. ",,,,200
,,,,,,200
Ingredientes para tener en cuenta,,,,,,200
,,,,,,200
Kale (col crespa),,,,,,200
Palta,,,,,,200
Quinoa,,,,,,200
,,,,,,200
Condimentos,,,,,,200
,,,,,,200
Baharat (probar con cáscara de limón) ,,,,,,200
Merkén,,,,,,200
,,,,,,200
Porotos sin pedos ,https://www.google.com/amp/s/www.paulinacocina.net/gases-y-legumbres/21056,"Remojo 24 hs, cucharada de bicarbonato al agua de remojo, alga kombu al agua de hervir. Cocer desde agua fría. ",,,,200